Control ID,Control Name,Control Objective,Control Owner,Implementation Status,Evidence Required,Applicable Assets,ISO 27001:2022,NIST CSF,NIST 800-53,CIS Controls v8,COBIT 2019,PCI DSS 4.0,SOC 2,GDPR,DPDP Act (India),RBI Guidelines,MITRE ATT&CK,ServiceNow Control Table Reference,Business Justification,Interview Talking Point
AC-01,User Access Provisioning,Ensure user access rights are granted, modified, and removed in a timely manner based on business need.,IAM Lead,Partially Implemented,User access request forms; approval emails; quarterly recertification logs; identity lifecycle reports,AST-001-008, AST-015, AST-021-022,A.9.1.1, A.9.1.2, A.9.2.1, A.9.2.6,PR.AC-1, PR.AC-2, PR.AC-3,AC-2, AC-6, AC-7,6.1, 6.2, 6.3, 6.4,DSS05.04, DSS05.05, DSS05.06,7.1, 7.2, 7.3,CC6.1, CC6.2, CC6.3,Art. 5(1)(f), Art. 32(1)(a),Sec. 8(5),Sec. 10(2),Annex 1 Access Control Policy,T1078, T1098,https://dev269444.service-now.com/sys_control_library.do?sys_id=AC-01,Prevents unauthorised access to customer financial data, reducing breach risk and regulatory exposure.,I ensure that access rights are granted based on business need and reviewed quarterly to prevent orphaned accounts from becoming a security risk.
AC-02,Privileged Access Management,Restrict and monitor administrative access to prevent misuse of elevated privileges.,IAM Lead,Implemented,Privileged account logs; MFA enforcement; privileged access request approvals,AST-013-018, AST-031-032,A.9.4.1, A.9.4.2, A.9.4.3,PR.AC-4, PR.AC-5,AC-6, AC-7, AC-17,6.4, 6.5, 6.6,DSS05.05, DSS05.06,7.1, 7.2,CC6.1, CC6.3,Art. 32(1)(a),Sec. 10(2),Annex 1 Access Control Policy,T1078.002,https://dev269444.service-now.com/sys_control_library.do?sys_id=AC-02,Prevents insider threats and credential compromise by limiting and monitoring privileged access.,I manage privileged accounts with MFA and strict monitoring to ensure that only authorised personnel have administrative access.
AC-03,Access Control Policy & Standards,Maintain a documented access control framework that defines roles, responsibilities, and enforcement mechanisms.,IAM Lead,Implemented,Access Control Policy; access control standards; annual review logs,AST-001-040,A.9.1.1, A.9.1.2,PR.AC-1,AC-1, AC-2,6.1,DSS05.04,7.1,CC6.1,Art. 5(1)(f),Sec. 8(5),Annex 1 Access Control Policy,N/A,https://dev269444.service-now.com/sys_control_library.do?sys_id=AC-03,Provides a governance foundation for all access decisions, ensuring consistency and auditability.,I have an access control policy that defines how we manage access across the organisation.
AC-04,Multi-Factor Authentication (MFA),Require MFA for all remote access, privileged accounts, and access to Restricted data.,IAM Lead,In Progress,MFA enforcement logs; MFA registration records,AST-001-008, AST-013-015, AST-021-022,A.9.4.1, A.9.4.2,PR.AC-4,IA-5,6.5,6.6,DSS05.05,7.1, 7.2, 8.3,CC6.1, Art. 32(1)(a),Sec. 10(2),Annex 1 Access Control Policy,N/A,https://dev269444.service-now.com/sys_control_library.do?sys_id=AC-04,Significantly reduces the risk of credential theft and unauthorised access to customer data.,I am implementing MFA across all critical systems to protect against credential-based attacks.
AC-05,Quarterly Access Reviews,Conduct regular reviews of user access rights to ensure they remain appropriate.,IAM Lead,In Progress,Access review reports; manager sign-offs; remediation logs,AST-001-008, AST-013-015,A.9.2.1, A.9.2.6,PR.AC-1,AC-2,6.1,6.2,DSS05.04,7.1,CC6.1,Art. 5(1)(f),Sec. 8(5),Annex 1 Access Control Policy,N/A,https://dev269444.service-now.com/sys_control_library.do?sys_id=AC-05,Ensures that users do not retain access beyond their business need, reducing insider threat risk.,I conduct quarterly access reviews to ensure that users only have access to what they need.
CR-01,Data Encryption at Rest,Encrypt all stored data to protect it from unauthorised access in case of physical or logical compromise.,Cloud Architect,Implemented,Encryption configuration audits; key management logs,AST-013, AST-017, AST-021-022,A.10.1.1, A.10.1.2,PR.DS-1,SC-13,3.9,3.10,DSS05.03,3.4,CC7.1,Art. 32(1)(a),Sec. 10(2),Annex 2 Data Security,T1486,https://dev269444.service-now.com/sys_control_library.do?sys_id=CR-01,Protects customer data from breaches involving lost or stolen media, ensuring compliance with DPDP and GDPR.,All our customer data at rest is encrypted using AES-256 to meet regulatory requirements.
CR-02,Data Encryption in Transit,Encrypt all data transmitted over public or untrusted networks.,Cloud Architect,Implemented,TLS configuration audits; certificate management logs,AST-001-008, AST-013-014,A.10.1.1, A.10.1.2,PR.DS-2,SC-13,3.9,3.10,DSS05.03,3.4, 4.1,CC7.1,Art. 32(1)(a),Sec. 10(2),Annex 2 Data Security,N/A,https://dev269444.service-now.com/sys_control_library.do?sys_id=CR-02,Prevents interception of customer data during transmission, reducing the risk of man-in-the-middle attacks.,I enforce TLS 1.3 for all data in transit to protect customer data from interception.
CR-03,Key Management,Maintain secure processes for cryptographic key generation, storage, rotation, and destruction.,Cloud Architect,Implemented,Key vault logs; key rotation records,AST-013, AST-017,A.10.2.1, A.10.2.2,PR.DS-1,SC-12,3.9,3.10,DSS05.03,3.4,CC7.1,Art. 32(1)(a),Sec. 10(2),Annex 2 Data Security,N/A,https://dev269444.service-now.com/sys_control_library.do?sys_id=CR-03,Prevents data loss due to lost or compromised encryption keys, ensuring business continuity.,I maintain secure key management practices to ensure that encrypted data remains recoverable.
AM-01,Asset Inventory,Maintain a comprehensive inventory of all information assets.,Asset Manager,Implemented,Asset register (ServiceNow); annual verification,AST-001-040,A.8.1.1,ID.AM-1,CM-8,1.1,1.2,DSS05.01,12.5,CC6.1,Art. 30,Sec. 10(2),Annex 1,N/A,https://dev269444.service-now.com/sys_control_library.do?sys_id=AM-01,Provides visibility into the attack surface and supports risk assessments, incident response, and audits.,I maintain an up-to-date asset register to ensure we know what data and systems we have.
AM-02,Asset Ownership,Assign a designated owner to every information asset.,Asset Manager,Implemented,Asset owner matrix; asset owner sign-offs,AST-001-040,A.8.2.1,ID.AM-1,CM-8,1.1,DSS05.01,12.5,CC6.1,Art. 30,Sec. 10(2),Annex 1,N/A,https://dev269444.service-now.com/sys_control_library.do?sys_id=AM-02,Ensures accountability for security and risk decisions related to each asset.,I ensure every asset has a named owner who is accountable for its security.
AM-03,Asset Classification,Classify assets according to their sensitivity and criticality.,DPO,Implemented,Data Classification Policy; classification labels,AST-001-040,A.8.2.1,ID.AM-1,RA-3,1.1,DSS05.01,12.5,CC6.1,Art. 5(1)(f),Sec. 8(5),Annex 1,N/A,https://dev269444.service-now.com/sys_control_library.do?sys_id=AM-03,Enables risk-based controls by ensuring higher sensitivity assets receive stronger protection.,I classify all assets to ensure that the most sensitive data receives the strongest controls.
OP-01,Vulnerability Management,Identify and remediate vulnerabilities in systems and applications.,AppSec Lead,Implemented,Vulnerability scan reports; patch management logs; remediation tracking,AST-001-008, AST-013-018,A.12.6.1,ID.RA-1, RA-3,RA-5,7.1, 7.2,DSS05.01,6.3,CC7.1,Art. 32(1)(a),Sec. 10(2),Annex 2 Data Security,T1190,https://dev269444.service-now.com/sys_control_library.do?sys_id=OP-01,Reduces the risk of exploitation of known vulnerabilities, protecting customer data and systems.,I manage vulnerabilities through regular scanning and prioritised patching to reduce attack surface.
OP-02,Patch Management,Apply security patches to all systems within defined timeframes.,IT Ops,Implemented,Patch deployment logs; exception approvals,AST-001-008, AST-013-018,A.12.6.1,PR.IP-1,SI-2,7.1,7.2,DSS05.01,6.2,CC7.1,Art. 32(1)(a),Sec. 10(2),Annex 2,N/A,https://dev269444.service-now.com/sys_control_library.do?sys_id=OP-02,Ensures systems are protected from known vulnerabilities, reducing the risk of breach.,I apply security patches within defined timeframes to protect our systems from known vulnerabilities.
OP-03,Change Management,Manage all changes to systems and applications to ensure security is not inadvertently degraded.,IT Ops,Implemented,Change requests; approval logs; post-implementation reviews,AST-001-008, AST-013-018,A.12.1.1,PR.IP-1,CM-3,8.1,8.2,DSS05.01,6.3,CC7.1,N/A,N/A,Annex 2,N/A,https://dev269444.service-now.com/sys_control_library.do?sys_id=OP-03,Prevents security gaps from being introduced during system changes, protecting customer data.,I manage changes through a formal process to ensure that security is not compromised during updates.
OP-04,Logging & Monitoring,Collect and monitor logs from all critical systems to detect security events.,SOC Lead,Implemented,SIEM dashboards; alert logs; incident reports,AST-001-008, AST-013-018,A.11.1.1, A.11.1.2,DE.AE-1, DE.AE-2,AU-3, AU-6,8.1,8.3,DSS05.01,10.1,CC7.2,Art. 32(1)(d),Sec. 10(2),Annex 3 Monitoring,T1110, T1078,https://dev269444.service-now.com/sys_control_library.do?sys_id=OP-04,Enables early detection of security incidents, reducing response time and potential impact.,I monitor all critical systems to detect suspicious activity early and respond quickly.
NW-01,Network Segmentation,Segregate networks to limit the impact of a security breach.,Network Lead,Implemented,Network diagrams; firewall rule reviews; segmentation tests,AST-013-016,A.13.1.1,PR.AC-1,SC-7,2.1,2.2,DSS05.01,1.1, 1.2,CC6.1,Art. 32(1)(a),Sec. 10(2),Annex 2,N/A,https://dev269444.service-now.com/sys_control_library.do?sys_id=NW-01,Limits lateral movement of attackers, reducing the impact of a breach on customer data.,I segregate our networks to ensure that a breach on one system does not affect others.
NW-02,Firewall Management,Manage firewall rules to restrict unauthorised network traffic.,Network Lead,Implemented,Firewall rule review logs; change approvals,AST-013-018,A.13.1.1,PR.AC-1,AC-4, SC-7,4.1,4.2,DSS05.01,1.1,CC6.1,Art. 32(1)(a),Sec. 10(2),Annex 2,N/A,https://dev269444.service-now.com/sys_control_library.do?sys_id=NW-02,Prevents unauthorised access to internal systems, protecting customer data from external threats.,I maintain firewall rules to restrict unauthorised access to our internal systems.
NW-03,Secure Remote Access,Require secure methods (VPN with MFA) for remote access to internal systems.,Network Lead,Implemented,VPN logs; MFA logs; remote access policy,AST-013-018,A.13.1.1,PR.AC-1,AC-17,4.1,4.2,DSS05.01,1.1,CC6.1,Art. 32(1)(a),Sec. 10(2),Annex 2,N/A,https://dev269444.service-now.com/sys_control_library.do?sys_id=NW-03,Protects remote access connections from interception and unauthorised entry.,I enforce secure remote access with VPN and MFA to protect our network from external threats.
BD-01,Secure Software Development Lifecycle (SDLC),Integrate security into every phase of software development.,AppSec Lead,Partially Implemented,SDLC policy; security requirements documentation; threat models,AST-001-008, AST-033-034,A.14.1.1, A.14.1.2,PR.IP-1,SA-11, SI-10,16.1,16.3,APO13.01,6.3,6.4,CC7.2,Art. 25 (Privacy by Design),Sec. 8(5),Annex 4, T1190,https://dev269444.service-now.com/sys_control_library.do?sys_id=BD-01,Prevents vulnerabilities from being introduced into applications, reducing security risk.,I embed security into the software development lifecycle to catch vulnerabilities early.
BD-02,Application Security Testing (SAST/DAST),Conduct static and dynamic security testing on applications.,AppSec Lead,In Progress,SAST and DAST reports; remediation tracking,AST-001-008,A.14.2.1,PR.IP-1,SA-11,16.1,16.3,APO13.02,6.3,CC7.2,N/A,N/A,Annex 4,T1190,https://dev269444.service-now.com/sys_control_library.do?sys_id=BD-02,Identifies and fixes vulnerabilities before they reach production, protecting customer data.,I conduct regular application security testing to identify and fix vulnerabilities.
BD-03,Secure Code Reviews,Conduct manual and automated code reviews to identify security issues.,AppSec Lead,Partially Implemented,Code review logs; peer review checklists,AST-001-008,A.14.2.1,PR.IP-1,SA-11,16.1,16.3,APO13.02,6.3,CC7.2,N/A,N/A,Annex 4,N/A,https://dev269444.service-now.com/sys_control_library.do?sys_id=BD-03,Ensures that security defects are identified before code is deployed, reducing risk.,I review code for security issues to ensure we are not introducing vulnerabilities.
BD-04,Threat Modelling,Conduct threat modelling for new applications and significant changes.,AppSec Lead,In Progress,Threat models; review sign-offs,AST-001-008, AST-033-034,A.14.1.1,ID.RA-1,RA-3,16.1,16.3,APO13.01,6.3,CC7.2,N/A,N/A,Annex 4,T1190,https://dev269444.service-now.com/sys_control_library.do?sys_id=BD-04,Identifies threats early in the design phase, reducing cost and complexity of fixes.,I use threat modelling to identify security risks during the design phase of new applications.
IR-01,Incident Response Plan,Document and maintain a formal incident response plan.,CISO,Implemented,Incident response plan; tabletop exercise logs,AST-001-040,A.16.1.1,RS.AN-1, RS.CO-1,IR-4,17.1,17.2,DSS05.04,12.5,CC7.3,Art. 33 (Notification),Sec. 16 (Breach),Annex 3,T1546, T1568,https://dev269444.service-now.com/sys_control_library.do?sys_id=IR-01,Ensures that the organisation can respond effectively to security incidents.,I have an incident response plan to ensure we can respond to and recover from security events.
IR-02,Incident Reporting,Establish clear reporting channels for security events.,SOC Lead,Implemented,Incident reports; escalation logs,AST-001-040,A.16.1.1,RS.CO-1,IR-4,17.1,17.2,DSS05.04,12.5,CC7.3,Art. 33 (Notification),Sec. 16 (Breach),Annex 3,T1546,https://dev269444.service-now.com/sys_control_library.do?sys_id=IR-02,Ensures that incidents are reported quickly, enabling timely response and regulatory compliance.,I have clear incident reporting channels to ensure that security events are escalated quickly.
IR-03,Regulatory Notification,Notify regulators within required timeframes (e.g., GDPR 72 hours, DPDP 72 hours).,DPO,Implemented,Regulatory notification logs; DPO records,AST-021-022, AST-024,A.16.1.5,RS.CO-1,IR-4,17.1,17.2,DSS05.04,12.5,CC7.3,Art. 33,Sec. 16,Annex 3,N/A,https://dev269444.service-now.com/sys_control_library.do?sys_id=IR-03,Ensures compliance with breach notification requirements, avoiding regulatory fines and reputational damage.,I ensure that regulators are notified within the required timeframes to maintain compliance.
BC-01,Business Continuity Planning,Document and maintain business continuity plans for critical services.,BCP Lead,Implemented,BCP documents; BIA report; recovery test logs,AST-001-008, AST-013-018,A.17.1.1,PR.IP-3,CP-2,7.1,7.2,DSS04.01,12.6,CC7.4,Art. 32(1)(c),Sec. 10(2),Annex 2,T1495,https://dev269444.service-now.com/sys_control_library.do?sys_id=BC-01,Ensures that critical services can be restored within defined RTOs/RPOs, protecting customer trust.,I maintain business continuity plans to ensure that critical services can recover from disruptions.
BC-02,Disaster Recovery Testing,Test disaster recovery capabilities at least annually.,BCP Lead,Implemented,DR test logs; post-test reports; remediation plans,AST-001-008, AST-013-018,A.17.1.1,PR.IP-4,CP-4,7.1,7.2,DSS04.01,12.6,CC7.4,Art. 32(1)(c),Sec. 10(2),Annex 2,N/A,https://dev269444.service-now.com/sys_control_library.do?sys_id=BC-02,Validates recovery capabilities and identifies gaps before a real disaster occurs.,I test our disaster recovery plans annually to ensure that we can recover critical systems.
VD-01,Vendor Due Diligence,Conduct security assessments of critical vendors before engagement.,Vendor Risk Mgr,Implemented,Vendor risk assessments; due diligence checklists; contracts,AST-035-039,A.15.1.1,ID.SC-1,SA-9,12.1,12.2,APO10.02,12.8,CC7.4,Art. 28 (Processors),Sec. 15 (Transfer),Annex 1,T1195,https://dev269444.service-now.com/sys_control_library.do?sys_id=VD-01,Ensures that third parties meet security requirements, reducing supply chain risk.,I assess vendors before engagement to ensure they meet our security requirements.
VD-02,Vendor Monitoring & Review,Monitor vendor security posture on an ongoing basis.,Vendor Risk Mgr,Partially Implemented,Annual vendor reassessments; vendor incident reports,AST-035-039,A.15.1.1,ID.SC-1,SA-9,12.1,12.2,APO10.02,12.8,CC7.4,Art. 28 (Processors),Sec. 15 (Transfer),Annex 1,N/A,https://dev269444.service-now.com/sys_control_library.do?sys_id=VD-02,Detects changes in vendor security posture that could impact Oracleo Fintech.,I monitor vendor security posture to detect any new risks that could affect our data.
CM-01,Compliance Monitoring,Monitor compliance with legal, regulatory, and contractual obligations.,Compliance Officer,In Progress,Compliance register; gap assessments; audit reports,AST-001-040,A.18.1.1,ID.GV-1,RA-3,N/A,DSS05.01,N/A,CC6.1,N/A,N/A,Annex 4,N/A,https://dev269444.service-now.com/sys_control_library.do?sys_id=CM-01,Ensures that the organisation meets its obligations, avoiding fines and reputational damage.,I monitor compliance to ensure we meet our regulatory obligations and avoid penalties.
CM-02,Gap Assessment & Remediation,Identify gaps against frameworks and regulations and remediate them.,GRC Lead,In Progress,Gap assessment reports; CAPs; remediation tracking,AST-001-040,A.18.1.1,ID.GV-1,RA-3,N/A,DSS05.01,N/A,CC6.1,N/A,N/A,Annex 4,N/A,https://dev269444.service-now.com/sys_control_library.do?sys_id=CM-02,Identifies areas of non-compliance and drives remediation to achieve certification.,I conduct gap assessments to identify compliance gaps and drive remediation to achieve certification.
